pagelink,abstract,smallImg,name,time
http://2018.ifeng.com/a/20180713/59154780_0.shtml,,http://d.ifengimg.com/w145_h103/p3.ifengimg.com/a/2018_28/bf37199dc4120a7_size75_w640_h411.jpg,高卢雄鸡三度杀入决赛 世界杯历史佳绩大盘点,2018-07-13 10:29
http://sports.ifeng.com/a/20180713/59154328_0.shtml,原标题：英足总将以500万镑年薪续约索斯盖特  据《每日邮报》报道，为了让索斯盖特继续带领英格兰队征战下一届卡塔尔世界杯，英足总打算以500万镑的年薪续约他。      但是,http://d.ifengimg.com/w145_h103/p0.ifengimg.com/pmop/2018/0713/8B894654044A091BD671D3415B83D9B7A002531C_size362_w627_h399.png,英足总将以500万镑年薪续约索斯盖特,2018-07-13 09:31
http://2018.ifeng.com/a/20180713/59154115_0.shtml,虽然在世界杯半决赛中遗憾的在加时赛被克罗地亚绝杀，但是闯进四强对于这支年轻的英格兰队已经是巨大的成功。而因为世界杯的出色表现，一些英格兰国脚如今也身价暴涨、被顶级豪门相中,http://d.ifengimg.com/w145_h103/p0.ifengimg.com/pmop/2018/0713/034BC89E8D17393414B9B4EAFDE37AFC1976BA06_size33_w641_h260.jpeg,励志！2年前他还在英冠混迹 今或加盟曼联身价5千万镑,2018-07-13 09:25
http://2018.ifeng.com/a/20180713/59154113_0.shtml,随着两场半决赛结束后，俄罗斯世界杯只剩下一场三四名决赛和一场决赛，其中三四名决赛会产生本届世界杯的金靴得主，而决赛极大可能会产生金球奖得主。目前在射手榜上，英格兰的凯恩以,http://d.ifengimg.com/w145_h103/p0.ifengimg.com/pmop/2018/0713/0F39887D593AC9EC4151AA708FE4F0248012ADC9_size37_w640_h312.jpeg,金球奖成安慰奖？连续5届颁给亚军 将在这3人产生,2018-07-13 09:33
http://sports.ifeng.com/a/20180713/59153975_0.shtml,原标题：C罗转会后首度发声，同家人聚餐欢度美好时刻  C罗在本周正式转会意甲冠军球队尤文图斯，而他在转会后心情很不错。      目前C罗正在度假中，本周四C罗在推特上发布,http://d.ifengimg.com/w145_h103/p0.ifengimg.com/pmop/2018/0713/F15BCABA83EECFDD0E488BC997CE9EF750365046_size33_w461_h451.jpeg,C罗转会后首度发声，同家人聚餐欢度美好时刻,2018-07-13 08:48
http://2018.ifeng.com/a/20180713/59153909_0.shtml,,http://d.ifengimg.com/w145_h103/p2.ifengimg.com/a/2018_28/a7a8a73cc41c170_size36_w650_h363.jpg,真的脱了！日本前女足兑现诺言露屁股,2018-07-13 09:35
http://2018.ifeng.com/a/20180713/59153573_0.shtml,,http://d.ifengimg.com/w145_h103/p1.ifengimg.com/a/2018_28/929b1c694c81a86_size267_w1024_h683.jpg,为什么世界杯看台美女少了？,2018-07-13 09:13
http://2018.ifeng.com/a/20180713/59152594_0.shtml,原标题：官方：阿根廷裁判皮塔纳执法世界杯决赛北京时间7月13日凌晨，FIFA官方确认俄罗斯世界杯决赛的裁判组信息，阿根廷裁判皮塔纳将担任本场比赛的主裁。俄罗斯世界杯决赛裁判组：,http://d.ifengimg.com/w145_h103/p2.ifengimg.com/cmpp/2018/07/13/c1e8f63c75533613543d6cfe28f88e15_size63_w230_h152.jpg,官方：阿根廷裁判皮塔纳执法世界杯决赛,2018-07-13 01:46
http://2018.ifeng.com/a/20180713/59152191_0.shtml,原标题：赌客投一千元代理提成300元，有团伙世界杯7天牟利数百万新华社福州7月12日消息，世界杯足球赛接近尾声。据公安部消息，世界杯开赛以来，各地侦破赌球刑事案件300余起、打掉赌,http://d.ifengimg.com/w145_h103/p0.ifengimg.com/a/2018_28/b2fff5dec8ca563_size24_w550_h368.jpeg,赌客投1000代理提成300元 有团伙世界杯7天牟利数百万,2018-07-12 16:59
http://2018.ifeng.com/a/20180713/59151733_0.shtml,原标题：俄专家谈英夫妇中毒：俄恐在世界杯期间遭蓄意嫁祸海外网7月12日电6月30日，英国发生了一对英国夫妇接触诺维乔克神经毒剂中毒的事件，其中女子于当地时间上周日(8日)死亡。3月,http://d.ifengimg.com/w145_h103/p3.ifengimg.com/a/2018_28/ecb8c64c0a9afa3_size57_w550_h358.jpg,一对英国夫妇中毒女子死亡 俄专家：或与世界杯有关,2018-07-12 14:55
http://sports.ifeng.com/a/20180713/59151689_0.shtml,每届世界杯结束后，国际足联都要及时总结，分析参赛队伍的特点、技战术的变化以及各项技术统计等等，文件发送到各个会员协会以供学习借鉴。本届世界杯开赛前，国际足联照例成立了技术,http://d.ifengimg.com/w145_h103/p3.ifengimg.com/a/2018_28/3c190ec07e935f6_size99_w550_h367.jpg,米卢：中国队一定会再次打进世界杯 也许4年也许8年,2018-07-13 07:26
http://2018.ifeng.com/a/20180713/59151664_0.shtml,战丹麦，平！战俄罗斯，平！战英格兰，还是平！三场淘汰赛的常规赛时间内都取得平局的克罗地亚，曾三次站在悬崖边上，但他们却总有能耐，从两次点球大战和一次加时赛中留到最后。这么,http://d.ifengimg.com/w145_h103/p0.ifengimg.com/a/2018_28/7ac90a4b311b10e_size40_w633_h392.jpg,世界杯金球奖成安慰奖？连续5届颁给亚军核心,2018-07-13 07:24
http://2018.ifeng.com/a/20180713/59151481_0.shtml,,http://d.ifengimg.com/w145_h103/p2.ifengimg.com/a/2018_28/3a0965d75f343f2_size27_w493_h340.jpeg,修成正果！日本国脚和女星姐弟恋本周内完婚,2018-07-13 07:00
http://2018.ifeng.com/a/20180713/59151365_0.shtml,原标题：FIFA官方：决赛拉姆将携名模持大力神杯入场2018年7月13日，FIFA官方宣布，世界杯决赛之时，大力神杯将由德国传奇球星菲利普-拉姆与俄罗斯名模娜塔莉亚-沃迪奥诺娃共同携带入,http://d.ifengimg.com/w145_h103/p0.ifengimg.com/pmop/2018/0713/98CAC29B799D2B8986FC0F358AED9B45732F6E12_size78_w1440_h630.jpeg,传承冠军荣耀！拉姆决赛携超模持大力神杯入场,2018-07-13 06:21
http://2018.ifeng.com/a/20180713/59151253_0.shtml,,http://d.ifengimg.com/w145_h103/p1.ifengimg.com/a/2018_28/3053faa3210e540_size270_w1024_h630.jpg,[一汽丰田特约]法国备战决赛神情放松 格里兹曼单挑博格巴,2018-07-13 06:32
http://2018.ifeng.com/a/20180712/59145194_0.shtml,原标题：内维尔：最后三场比赛凯恩是带伤出战的7月12日讯早前，前曼联后卫加里-内维尔表示，他认为凯恩在带伤的情况下征战世界杯最后三场比赛。“如果在接下来的几天内，我们还,http://d.ifengimg.com/w145_h103/p0.ifengimg.com/pmop/2018/0712/3E6A4BFBDA533FD3C6C0065E25149BEF2066AACB_size14_w450_h250.jpeg,内维尔：最后三场比赛凯恩是带伤出战的,2018-07-12 20:22
http://2018.ifeng.com/a/20180712/59143952_0.shtml,,http://d.ifengimg.com/w145_h103/p0.ifengimg.com/pmop/2018/0712/6626471263A3337A205E60544F23F6DB617708B3_size39_w968_h681.jpeg,凯恩：球迷不用等几十年，我们会再进半决赛,2018-07-12 18:52
http://2018.ifeng.com/a/20180712/59143950_0.shtml,,http://d.ifengimg.com/w145_h103/p0.ifengimg.com/pmop/2018/0712/9FA235164C384A89E7CF9299D32B9C82F7B21670_size805_w783_h710.png,沃克：从未感到如此沮丧，但英格兰会更加团结,2018-07-12 19:05
http://2018.ifeng.com/a/20180712/59143951_0.shtml,原标题：姆巴佩之后，巴洛特利也用同样的话回击英格兰球迷  据《每日镜报》报道，在英格兰1-2不敌克罗地亚被淘汰出局后，巴洛特利在自己的INS上发了和姆巴佩同样的话来回击英格兰球迷,http://d.ifengimg.com/w145_h103/p0.ifengimg.com/pmop/2018/0712/39D52CBC602FDF5A774C9D06922F699AF6E19ACE_size59_w615_h1094.jpeg,姆巴佩之后，巴洛特利也用同样的话回击英格兰球迷,2018-07-12 19:14
http://2018.ifeng.com/a/20180712/59143655_0.shtml,,http://d.ifengimg.com/w145_h103/p0.ifengimg.com/pmop/2018/0712/6785410EEB31D1C166AF794089F559B0E45E1730_size15_w450_h228.jpeg,三狮军团无缘决赛，阿里、林加德遭索内斯批评,2018-07-12 18:31
http://2018.ifeng.com/a/20180712/59142772_0.shtml,,http://d.ifengimg.com/w145_h103/p0.ifengimg.com/pmop/2018/0712/C719B7F62F60ED2126C19DF44C41C5BBEF872D0E_size74_w968_h681.jpeg,亨德森：因为腿筋有伤不想拖累大家，我才被换下,2018-07-12 17:12
http://2018.ifeng.com/a/20180712/59142771_0.shtml,,http://d.ifengimg.com/w145_h103/p0.ifengimg.com/pmop/2018/0712/3AC96B9AFB5260641CFB38B2A434CF6A8A246F8E_size40_w620_h342.jpeg,官方：库巴叔叔布里泽琴科执教波兰队,2018-07-12 17:44
http://2018.ifeng.com/a/20180712/59142657_0.shtml,原标题：沙特一电视台非法转播世界杯，将遭到国际足联起诉     7月12日讯 沙特的一家名为BeoutQ的电视台在世界杯期间非法转播世界杯比赛，对此国际足联将动用法律的程序。,http://d.ifengimg.com/w145_h103/p0.ifengimg.com/pmop/2018/0712/31A3648954C82A9ABE23E6FA9FE25A3BCBA7AF80_size14_w450_h252.jpeg,沙特一电视台非法转播世界杯，将遭到国际足联起诉,2018-07-12 17:34
http://2018.ifeng.com/a/20180712/59142295_0.shtml,原标题：维达：我知道自己犯了一个错误，我想再次向俄罗斯人民道歉7月12日讯在克罗地亚和俄罗斯的比赛结束后，克罗地亚后卫维达和球探武科耶维奇出现在了一个视频中，两人高喊“,http://d.ifengimg.com/w145_h103/p0.ifengimg.com/pmop/2018/0712/24813BB245B231ABEDF1C2F96117CB6E20C51F46_size9_w450_h253.jpeg,维达：我知道自己犯了错误 想再次向俄罗斯人民道歉,2018-07-12 17:13
http://2018.ifeng.com/a/20180712/59142101_0.shtml,7月12日消息，今天凌晨世界杯半决赛中，英格兰队1比2不敌克罗地亚队无缘决赛。英国国内许多球迷赛后心情悲痛，充满失落地离开，然而他们却留下了满地垃圾，现场一片狼藉。英国球迷本,http://d.ifengimg.com/w145_h103/p0.ifengimg.com/pmop/2018/0712/8AC643AAA5CF284613FC9D93B70CFD8734BECB06_size60_w870_h522.jpeg,输球又输人！英格兰无缘决赛 本土球迷垃圾扔满地,2018-07-12 17:01
http://2018.ifeng.com/a/20180712/59141936_0.shtml,原标题：洛夫伦：我是世界上最优秀的后卫之一，进入决赛是历史性时刻     虎扑7月12日讯 世界杯另一场半决赛在今天凌晨结束，克罗地亚经过了120分钟的鏖战最终2-1击败英格,http://d.ifengimg.com/w145_h103/p0.ifengimg.com/pmop/2018/0712/E1F8611507EF5DBE33942CA05D8C5174C2281EA7_size267_w450_h282.png,飘了飘了！洛夫伦：我是世界上最优秀的后卫之一,2018-07-12 16:52
http://2018.ifeng.com/a/20180712/59141935_0.shtml,原标题：乔尔卢卡简洁回应英媒：足球没有回家虎扑7月12日讯克罗地亚后卫乔尔卢卡曾在英超的曼城和热刺效力过。在克罗地亚和英格兰的半决赛结束后，混合区内有英格兰媒体希望他能接受,http://d.ifengimg.com/w145_h103/p0.ifengimg.com/pmop/2018/0712/6D96B9225D01CEAD39D7591A842E4A298F6EE8FE_size15_w450_h314.jpeg,英格兰媒体求采访 乔尔卢卡回应：足球没有回家,2018-07-12 16:47
http://2018.ifeng.com/a/20180712/59141931_0.shtml,原标题：莫德里奇：曾非常非常希望C罗能留队，希望他未来万事遂意7月12日讯莫德里奇和C罗在皇马共同度过了6年，期间，他们拿下了4座欧冠奖杯。此前莫德里奇接受采访时，曾表示他&ldqu,http://d.ifengimg.com/w145_h103/p0.ifengimg.com/pmop/2018/0712/36A16DACF33256A2568092E61D731E507E20BEFB_size22_w450_h319.jpeg,魔笛：曾非常非常希望C罗留队，希望他未来万事遂意,2018-07-12 16:27
http://2018.ifeng.com/a/20180712/59141930_0.shtml,原标题：英国F1车手汉密尔顿：足球终究会回家的北京时间7月12日凌晨，俄罗斯世界杯半决赛，英格兰队在开赛5分钟就进球的情况下，经历了加时赛被克罗地亚队逆转，无缘更进一步。但是，,http://d.ifengimg.com/w145_h103/p0.ifengimg.com/pmop/2018/0712/D36100CBBF15D0EE11F62EE2E2C9701A387EEB78_size10_w626_h347.png,英国F1车手汉密尔顿：足球终究会回家的,2018-07-12 16:33
http://2018.ifeng.com/a/20180712/59141927_0.shtml,原标题：达里奇：可能是魔笛最后一届世界杯，但他还在巅峰克罗地亚中场大师莫德里奇在本届世界杯上闪耀四方。虽然已经32岁了，但莫德里奇依然凭借细腻的技术和快速的奔跑让人们印象深,http://d.ifengimg.com/w145_h103/p0.ifengimg.com/pmop/2018/0712/FCD31A67E0651CEC30297BA7E95A2856BEACC9B4_size59_w883_h487.jpeg,达里奇：可能是魔笛最后一届世界杯，但他还在巅峰,2018-07-12 16:42
http://2018.ifeng.com/a/20180712/59143951_0.shtml,原标题：姆巴佩之后，巴洛特利也用同样的话回击英格兰球迷  据《每日镜报》报道，在英格兰1-2不敌克罗地亚被淘汰出局后，巴洛特利在自己的INS上发了和姆巴佩同样的话来回击英格兰球迷,http://d.ifengimg.com/w145_h103/p0.ifengimg.com/pmop/2018/0712/39D52CBC602FDF5A774C9D06922F699AF6E19ACE_size59_w615_h1094.jpeg,姆巴佩之后，巴洛特利也用同样的话回击英格兰球迷,2018-07-12 19:14
http://2018.ifeng.com/a/20180712/59143950_0.shtml,,http://d.ifengimg.com/w145_h103/p0.ifengimg.com/pmop/2018/0712/9FA235164C384A89E7CF9299D32B9C82F7B21670_size805_w783_h710.png,沃克：从未感到如此沮丧，但英格兰会更加团结,2018-07-12 19:05
http://2018.ifeng.com/a/20180712/59143655_0.shtml,,http://d.ifengimg.com/w145_h103/p0.ifengimg.com/pmop/2018/0712/6785410EEB31D1C166AF794089F559B0E45E1730_size15_w450_h228.jpeg,三狮军团无缘决赛，阿里、林加德遭索内斯批评,2018-07-12 18:31
http://2018.ifeng.com/a/20180712/59142772_0.shtml,,http://d.ifengimg.com/w145_h103/p0.ifengimg.com/pmop/2018/0712/C719B7F62F60ED2126C19DF44C41C5BBEF872D0E_size74_w968_h681.jpeg,亨德森：因为腿筋有伤不想拖累大家，我才被换下,2018-07-12 17:12
http://2018.ifeng.com/a/20180712/59142771_0.shtml,,http://d.ifengimg.com/w145_h103/p0.ifengimg.com/pmop/2018/0712/3AC96B9AFB5260641CFB38B2A434CF6A8A246F8E_size40_w620_h342.jpeg,官方：库巴叔叔布里泽琴科执教波兰队,2018-07-12 17:44
http://2018.ifeng.com/a/20180712/59142657_0.shtml,原标题：沙特一电视台非法转播世界杯，将遭到国际足联起诉     7月12日讯 沙特的一家名为BeoutQ的电视台在世界杯期间非法转播世界杯比赛，对此国际足联将动用法律的程序。,http://d.ifengimg.com/w145_h103/p0.ifengimg.com/pmop/2018/0712/31A3648954C82A9ABE23E6FA9FE25A3BCBA7AF80_size14_w450_h252.jpeg,沙特一电视台非法转播世界杯，将遭到国际足联起诉,2018-07-12 17:34
http://2018.ifeng.com/a/20180712/59142295_0.shtml,原标题：维达：我知道自己犯了一个错误，我想再次向俄罗斯人民道歉7月12日讯在克罗地亚和俄罗斯的比赛结束后，克罗地亚后卫维达和球探武科耶维奇出现在了一个视频中，两人高喊“,http://d.ifengimg.com/w145_h103/p0.ifengimg.com/pmop/2018/0712/24813BB245B231ABEDF1C2F96117CB6E20C51F46_size9_w450_h253.jpeg,维达：我知道自己犯了错误 想再次向俄罗斯人民道歉,2018-07-12 17:13
http://2018.ifeng.com/a/20180712/59142101_0.shtml,7月12日消息，今天凌晨世界杯半决赛中，英格兰队1比2不敌克罗地亚队无缘决赛。英国国内许多球迷赛后心情悲痛，充满失落地离开，然而他们却留下了满地垃圾，现场一片狼藉。英国球迷本,http://d.ifengimg.com/w145_h103/p0.ifengimg.com/pmop/2018/0712/8AC643AAA5CF284613FC9D93B70CFD8734BECB06_size60_w870_h522.jpeg,输球又输人！英格兰无缘决赛 本土球迷垃圾扔满地,2018-07-12 17:01
http://2018.ifeng.com/a/20180712/59141936_0.shtml,原标题：洛夫伦：我是世界上最优秀的后卫之一，进入决赛是历史性时刻     虎扑7月12日讯 世界杯另一场半决赛在今天凌晨结束，克罗地亚经过了120分钟的鏖战最终2-1击败英格,http://d.ifengimg.com/w145_h103/p0.ifengimg.com/pmop/2018/0712/E1F8611507EF5DBE33942CA05D8C5174C2281EA7_size267_w450_h282.png,飘了飘了！洛夫伦：我是世界上最优秀的后卫之一,2018-07-12 16:52
http://2018.ifeng.com/a/20180712/59141935_0.shtml,原标题：乔尔卢卡简洁回应英媒：足球没有回家虎扑7月12日讯克罗地亚后卫乔尔卢卡曾在英超的曼城和热刺效力过。在克罗地亚和英格兰的半决赛结束后，混合区内有英格兰媒体希望他能接受,http://d.ifengimg.com/w145_h103/p0.ifengimg.com/pmop/2018/0712/6D96B9225D01CEAD39D7591A842E4A298F6EE8FE_size15_w450_h314.jpeg,英格兰媒体求采访 乔尔卢卡回应：足球没有回家,2018-07-12 16:47
http://2018.ifeng.com/a/20180712/59141931_0.shtml,原标题：莫德里奇：曾非常非常希望C罗能留队，希望他未来万事遂意7月12日讯莫德里奇和C罗在皇马共同度过了6年，期间，他们拿下了4座欧冠奖杯。此前莫德里奇接受采访时，曾表示他&ldqu,http://d.ifengimg.com/w145_h103/p0.ifengimg.com/pmop/2018/0712/36A16DACF33256A2568092E61D731E507E20BEFB_size22_w450_h319.jpeg,魔笛：曾非常非常希望C罗留队，希望他未来万事遂意,2018-07-12 16:27
http://2018.ifeng.com/a/20180712/59141930_0.shtml,原标题：英国F1车手汉密尔顿：足球终究会回家的北京时间7月12日凌晨，俄罗斯世界杯半决赛，英格兰队在开赛5分钟就进球的情况下，经历了加时赛被克罗地亚队逆转，无缘更进一步。但是，,http://d.ifengimg.com/w145_h103/p0.ifengimg.com/pmop/2018/0712/D36100CBBF15D0EE11F62EE2E2C9701A387EEB78_size10_w626_h347.png,英国F1车手汉密尔顿：足球终究会回家的,2018-07-12 16:33
http://2018.ifeng.com/a/20180712/59141927_0.shtml,原标题：达里奇：可能是魔笛最后一届世界杯，但他还在巅峰克罗地亚中场大师莫德里奇在本届世界杯上闪耀四方。虽然已经32岁了，但莫德里奇依然凭借细腻的技术和快速的奔跑让人们印象深,http://d.ifengimg.com/w145_h103/p0.ifengimg.com/pmop/2018/0712/FCD31A67E0651CEC30297BA7E95A2856BEACC9B4_size59_w883_h487.jpeg,达里奇：可能是魔笛最后一届世界杯，但他还在巅峰,2018-07-12 16:42
http://2018.ifeng.com/a/20180712/59141628_0.shtml,,http://d.ifengimg.com/w145_h103/p3.ifengimg.com/cmpp/2018_28/4e6df6b4222cc44_w1024_h683.jpg,血槽已空！小“格子军”赛后“大战”,2018-07-12 16:52
http://2018.ifeng.com/a/20180712/59141496_0.shtml,世界杯决赛队伍终于诞生，法国队跟克罗地亚队笑到了最后，两队将为了最后冠军展开争夺，这场决赛也是本次世界杯的金球争夺关键之战，但要说本次世界杯的争议人物，那毫无疑问是内马尔,http://d.ifengimg.com/w145_h103/p0.ifengimg.com/pmop/2018/0712/2A140BD3DA15FCDA9D1AC82F04EC2E89F7264A69_size26_w635_h407.jpeg,恶搞！巴西设计师脑洞大开 内马尔摔倒姿势变26字母,2018-07-12 16:06
http://sports.ifeng.com/a/20180712/59141404_0.shtml,原标题：逆转挺进决赛，马季奇为祖国克罗地亚加油  北京时间今天凌晨，世界杯半决赛第2场在莫斯科卢日尼基球场展开较量，克罗地亚加时2-1逆转英格兰，首度打进世界杯决赛，将与法国争,http://d.ifengimg.com/w145_h103/p0.ifengimg.com/pmop/2018/0712/CF19BBE81138C5123A4DF68E00FBD7BAE85E8B57_size68_w846_h543.jpeg,逆转挺进决赛，马季奇为祖国克罗地亚加油,2018-07-12 15:58
http://2018.ifeng.com/a/20180712/59141368_0.shtml,原标题：英格兰记者回击莫德里奇：他这样说很愚蠢7月12日讯克罗地亚在世界杯半决赛中2-1逆转英格兰，进入了世界杯决赛。克罗地亚队长莫德里奇在赛后说的一番话却引起了一些争议，他说,http://d.ifengimg.com/w145_h103/p0.ifengimg.com/pmop/2018/0712/2F3D8E6F9E4BBD7D7E563116A5262D90CC5999FB_size9_w450_h270.jpeg,英格兰记者回击莫德里奇：他这样说很愚蠢,2018-07-12 16:06
http://2018.ifeng.com/a/20180712/59141078_0.shtml,7月12日消息，今天凌晨，克罗地亚队以2比1击败了英格兰队，首度打进世界杯决赛。而在上场对阵俄罗斯的点球大战时，一群克罗地亚消防员突然听到了火警响起，他们做出了这样的反应&hell,http://d.ifengimg.com/w145_h103/p0.ifengimg.com/pmop/2018/0712/28FFA41BBA654611FAD1CEE3366AAF0B76C30C2D_size63_w870_h469.jpeg,正看点球大战时火警响起 克罗地亚消防员这样做…,2018-07-12 15:29
http://sports.ifeng.com/a/20180712/59138370_0.shtml,原标题：幸运符，法国球员赛前触摸拉米胡须  《太阳报》披露了法国晋级世界杯决赛的秘诀，就是触摸后卫拉米的胡子。      这是格里兹曼率先发起的，他在小组赛前触摸拉米的,http://d.ifengimg.com/w145_h103/p0.ifengimg.com/pmop/2018/0712/5A68B1912828837D41C5D50CF08373DA80B9DCE2_size71_w960_h639.jpeg,幸运符，法国球员赛前触摸拉米胡须,2018-07-12 14:25
http://2018.ifeng.com/a/20180712/59137882_0.shtml,,http://d.ifengimg.com/w145_h103/p3.ifengimg.com/cmpp/2018_28/1d87a50d71e3716_w665_h665.jpg,决赛打卡王！国际米兰球员连续10届世界杯杀入决赛,2018-07-12 14:55
http://2018.ifeng.com/a/20180712/59137538_0.shtml,澎湃新闻特约撰稿杨健/仰卧撑足球索斯盖特赛后安慰球员。2010年，瓜迪奥拉在西甲巴塞罗那执教，当届世界杯西班牙队夺冠。2014年，瓜迪奥拉在德甲拜仁慕尼黑执教，当届世界杯德国队夺,http://d.ifengimg.com/w145_h103/p2.ifengimg.com/fck/2018_28/8a3cfac1961ad2c_w450_h249.gif,索斯盖特很幸运，这些名帅都在帮英格兰“技术扶贫”,2018-07-12 14:31
http://2018.ifeng.com/a/20180712/59136939_0.shtml,原标题：前线｜英格兰球迷唱了120分钟：歌声不停，眼泪不止拉什福德任意球踢向禁区，克罗地亚后卫头球解围，土耳其主裁判卡吉尔此时吹响了全场比赛结束的哨音……顿时，,http://d.ifengimg.com/w145_h103/p0.ifengimg.com/pmop/2018/0712/9E3A2E83D587C5100DA29AFB17ADE0A2B08D4C78_size93_w600_h373.jpeg,足球没有回家！英格兰球迷唱了120分钟：眼泪不止,2018-07-12 12:02
http://2018.ifeng.com/a/20180712/59136443_0.shtml,澎湃新闻记者宋承良陈均发自俄罗斯伦敦海德公园，英格兰球迷在赛后相互拥抱安慰。本文图片来源新华社东方IC拉什福德任意球踢向禁区，克罗地亚后卫头球解围，土耳其主裁判卡吉尔此时吹,http://d.ifengimg.com/w145_h103/p0.ifengimg.com/fck/2018_28/1b5a5e715227e14_w600_h373.jpg,英格兰球迷唱了120分钟：歌声不停，眼泪不止,2018-07-12 13:18
http://2018.ifeng.com/a/20180712/59136134_0.shtml,,http://d.ifengimg.com/w145_h103/p0.ifengimg.com/a/2018_28/5d91c18ff7060a4_size71_w655_h418.jpg,英国队凉了，但球迷加戏不得不服…,2018-07-12 12:51
http://2018.ifeng.com/a/20180712/59136072_0.shtml,战争的阴霾，混乱的政治局势，笼罩着克罗地亚。 一个只有410万人口的国家，在混乱的政治局势下，如何不断地突破历史？ 克罗地亚前国脚，1998年代表国家队赢得世界杯季军的,http://d.ifengimg.com/w145_h103/p2.ifengimg.com/a/2018_28/6af63a0acd0c331_size28_w550_h310.jpg,克罗地亚球员月薪7000起 今年晋级决赛比20年前容易？,2018-07-12 12:45
http://2018.ifeng.com/a/20180712/59135745_0.shtml,,http://d.ifengimg.com/w145_h103/p2.ifengimg.com/a/2018_28/05df0a5e23cbb7a_size705_w683_h1024.jpg,比心卖萌剪刀手 罗地亚美女球成摄影师宠儿,2018-07-12 12:23
http://2018.ifeng.com/a/20180712/59135573_0.shtml,,http://d.ifengimg.com/w145_h103/p0.ifengimg.com/a/2018_28/343ad50ab2f7ab2_size112_w1024_h683.jpg,英格兰输球后 球迷留下一地垃圾,2018-07-12 12:07
http://2018.ifeng.com/a/20180712/59135476_0.shtml,克罗地亚是1930年后闯入世界杯决赛人口最少的国家，对于他们的成就，从主帅到球员都骄傲不已。作为本届赛事最佳球员之一，莫德里奇就表示，英国媒体赛前的自大，就是自己的动力。足球,http://d.ifengimg.com/w145_h103/p1.ifengimg.com/fck/2018_28/a6a7a1c4bb06ba6_w600_h763.jpg,克罗地亚主帅：我想换人，但球员不愿下场，他们都说还能跑,2018-07-12 11:56
http://sports.ifeng.com/a/20180712/59133882_0.shtml,原标题：克罗地亚主帅：我们各方面都压制了英格兰  天空体育报道，克罗地亚主帅认为他们在各方面都压制了英格兰。      克罗地亚主帅达里奇道出了逆转的原因：“因为,http://d.ifengimg.com/w145_h103/p0.ifengimg.com/pmop/2018/0712/E68F7CBB753A1AE79B4C359CDA4DAD2C51B3DE0C_size34_w768_h432.jpeg,克罗地亚主帅：我们各方面都压制了英格兰 ,2018-07-12 09:19
http://2018.ifeng.com/a/20180712/59133706_0.shtml,,http://d.ifengimg.com/w145_h103/p2.ifengimg.com/a/2018_28/f22d63d853aca1f_size2971_w4880_h3296.jpg,万达时刻|克罗地亚加时绝杀英格兰进决赛,2018-07-12 10:07
http://2018.ifeng.com/a/20180712/59133205_0.shtml,虎扑7月12日讯英格兰对阵克罗地亚的比赛这天，英格兰各地都设立了大屏幕，供球迷一起享受足球带来的乐趣。《每日镜报》发现，一位列车司机在经过一块大屏幕时也不忘为三狮军团加油助,http://d.ifengimg.com/w145_h103/p1.ifengimg.com/fck/2018_28/72d358cf43d66ba_w720_h479.jpg,英国火车司机经过大屏幕时不忘为三狮加油,2018-07-12 09:34
http://sports.ifeng.com/a/20180712/59132655_0.shtml,原标题：穆帅：英格兰有理由乐观，足总必须留下索斯盖特英格兰世界杯半决赛失利后，穆里尼奥表示，三狮有理由感到乐观，并且呼吁英足总留下索斯盖特。英格兰在半决赛中1-2不敌克罗地,http://d.ifengimg.com/w145_h103/p0.ifengimg.com/pmop/2018/0712/9D4F12F58B08DEB09AD55F4F7979F431FD71A6E5_size58_w768_h432.jpeg,穆帅：英格兰有理由乐观，足总必须留下索斯盖特,2018-07-12 08:30
http://2018.ifeng.com/a/20180712/59132539_0.shtml,原标题：圆满，世界杯历史首次1到23号球员全部进球虎扑7月12日讯在身穿英格兰12号球衣的特里皮尔任意球破门后，这是世界杯自2002年引进23人名单后历史首次1到23号的球员都取得了进球,http://d.ifengimg.com/w145_h103/p0.ifengimg.com/pmop/2018/0712/E8CDB21A30897BDAA81E3ADEC79A3380ADCB0279_size26_w450_h298.jpeg,圆满，世界杯历史首次1到23号球员全部进球,2018-07-12 03:01
http://2018.ifeng.com/a/20180712/59132528_0.shtml,虎扑7月12日讯法国前锋姆巴佩在英格兰没能打进决赛后用一张照片回击英格兰球迷：“足球回家，不可能的。”姆巴佩在Ins 上写道：“抱歉，我爱英格兰，但那些直到现在还,http://d.ifengimg.com/w145_h103/p0.ifengimg.com/fck/2018_28/15ea2ba428d002f_w617_h707.jpg,姆巴佩回击辱骂他的英国球迷：足球回家是不可能的,2018-07-12 08:49
http://2018.ifeng.com/a/20180712/59132519_0.shtml,原标题：没有美女了？国际足联希望在未来赛事转播中减少美女出镜虎扑7月12日讯根据美联社报道，国际足联希望在未来的赛事转播中，减少美丽女性的出镜。国际足联的多元化委员会主席费,http://d.ifengimg.com/w145_h103/p0.ifengimg.com/pmop/2018/0712/7833131E1339D895BD68273B18B3AE2C7D1CE5FA_size19_w450_h299.jpeg,没有美女了？FIFA希望在未来赛事转播中减少美女出镜,2018-07-12 00:35
http://2018.ifeng.com/a/20180712/59132478_0.shtml,这是为英格兰晋级决赛准备的稿子，英格兰球迷现在读来，可能会觉得有一丝苦涩，甚至会有点生气......英格兰最终被逆转，稿子也没写完，但这支球队在本届世界杯展现出来的全新面貌给人,http://d.ifengimg.com/w145_h103/p3.ifengimg.com/cmpp/2018/07/12/e74a12f57028f28d35c477ceb1c72e9d_size71_w230_h152.jpg,《十问英格兰》：一篇未完成的稿子！,2018-07-12 08:45
http://2018.ifeng.com/a/20180712/59131987_0.shtml,虎扑7月12日讯在伦敦的海德公园，当英格兰队由特里皮尔首开记录时，数千球迷将手中的啤酒向空中庆祝，场面极为壮观。只可惜他们没有笑到最后，佩里西奇和曼朱基奇的进球让英格兰的晋,http://d.ifengimg.com/w145_h103/p1.ifengimg.com/fck/2018_28/bd81eb8e6b4bf30_w635_h345.jpg,GIF：震撼一幕，无数英格兰球迷将啤酒洒向空中庆祝进球,2018-07-12 08:27
http://sports.ifeng.com/a/20180712/59131932_0.shtml,原标题：达利奇：曾想换人，但所有人都告诉我他们还能跑北京时间7月12日凌晨，克罗地亚加时2-1击败英格兰进入世界杯决赛，这也成为了克罗地亚体育历史以来的最好成绩。赛后，克罗地亚,http://d.ifengimg.com/w145_h103/p0.ifengimg.com/pmop/2018/0712/49BA383F4E551714879B24271437536F543D106A_size55_w768_h432.jpeg,达利奇：曾想换人，但所有人都告诉我他们还能跑,2018-07-12 08:11
http://2018.ifeng.com/a/20180712/59131906_0.shtml,闫海莹/CCTV5英格兰队球员赛后向球迷致意。新华社记者徐子鉴摄【编者按】英格兰队输了，足球没有回家。他们年轻，他们也败给了年轻。但对于这样一支没有花边小报追逐，没有太太团纷扰,http://d.ifengimg.com/w145_h103/p1.ifengimg.com/fck/2018_28/999de564eeed031_w600_h355.jpg,这是最好的英格兰队，他们比贝克汉姆们强在哪？,2018-07-12 08:18
http://2018.ifeng.com/a/20180712/59131848_0.shtml,一年前，在外漂泊多年赋闲在家的达利奇不会不会想到，自己的教练生涯会在一年时间里发生如此大的变化。在临危受命担任克罗地亚国家队主帅后，如今他指挥的球队已经进入了世界杯决赛，,http://d.ifengimg.com/w145_h103/p0.ifengimg.com/pmop/2018/0712/8358F312FBA0C4FBC6E5F1B52E0CCFCCC3C8F8AE_size30_w640_h360.jpeg,这位在亚洲成名的教练，现在创造克罗地亚历史最佳,2018-07-12 07:51
http://2018.ifeng.com/a/20180712/59131629_0.shtml,原标题： 色胆包天国际足联确认世界杯期间15起针对记者的性骚扰事件据西班牙媒体《阿斯报》的报道称，国际足联确认在世界杯期间，发生15起针对记者的性别歧视以及骚扰行为。根据统计,http://d.ifengimg.com/w145_h103/p0.ifengimg.com/pmop/2018/0712/89B8BE6C9266752653D1CFF45940E2C91AFBB7AE_size20_w573_h306.jpeg,色胆包天！FIFA确认世界杯15起针对记者的性骚扰事件 ,2018-07-11 16:45
http://2018.ifeng.com/a/20180712/59131571_0.shtml,澎湃新闻特约撰稿莫空/足球好望角克罗地亚创造了历史，用极其老练沉稳的方式。看着曼朱基奇、佩里希奇、莫德里奇和拉基蒂奇，我们不禁想到：球场训练设施差，420万人口小国，为什么克,http://d.ifengimg.com/w145_h103/p1.ifengimg.com/fck/2018_28/7056f18d2f3341c_w600_h379.jpg,420万人的足球密码，克罗地亚“黄金一代”如何诞生,2018-07-12 07:45
http://2018.ifeng.com/a/20180712/59131518_0.shtml,,http://d.ifengimg.com/w145_h103/p2.ifengimg.com/a/2018_28/2f85725c4e63b9c_size403_w1024_h683.jpg,足球没能回家！痛哭的英格兰球迷,2018-07-12 07:39
http://2018.ifeng.com/a/20180712/59131126_0.shtml,开场不到5分钟，英格兰便已1-0领先，不过最终笑到最后的却是克罗地亚。复盘比赛，你会发现，主帅索斯盖特的临场指挥值得商榷。常规时间90分钟内，索斯盖特只换1人，用拉什福德换下了,http://d.ifengimg.com/w145_h103/p0.ifengimg.com/pmop/2018/0712/A1F286DFC7C0630E3696B28A701DBABED00E3E2D_size26_w641_h401.jpeg,英格兰遭逆转皆因错换1人 穆帅爱将彻底失灵让人失望,2018-07-12 07:21
http://2018.ifeng.com/a/20180712/59130684_0.shtml,克罗地亚2比1击败英格兰，与法国会师决赛，这一战让两大魔咒延续。一个近36年来的世界杯决赛都有国米和拜仁球员，另一个则是英格兰人又一次倒在了半决赛，并且是大赛中的连续第4次！,http://d.ifengimg.com/w145_h103/p0.ifengimg.com/pmop/2018/0712/C04481B0BD448C28E1A80C6B8C4E5B47621DF6A7_size172_w607_h355.png,世界杯两大魔咒延续！国米拜仁无解 英格兰半决赛4连跪,2018-07-12 07:00
http://2018.ifeng.com/a/20180712/59130616_0.shtml,澎湃新闻记者蒲垚磊媒体P图：曼朱基奇给凯恩递上了回家机票。足球没有回家，足球拐弯了。北京时间7月12日凌晨进行的世界杯半决赛上，凭借着曼朱基奇在加时赛第108分钟的“绝杀&r,http://d.ifengimg.com/w145_h103/p3.ifengimg.com/fck/2018_28/cf948f3a176bfd0_w600_h600.jpg,胜利，只属于顽强坚韧的克罗地亚人,2018-07-12 07:21
http://2018.ifeng.com/a/20180712/59130615_0.shtml,原标题：魔笛：我们已完成克罗地亚体育史最大成就2018年7月12日，在世界杯半决赛中，克罗地亚经过连续第3场加时赛2-1战胜英格兰晋级决赛。赛后球队核心莫德里奇激动表示：“这是,http://d.ifengimg.com/w145_h103/p0.ifengimg.com/pmop/2018/0712/BC4F3975B655F19B2F4CECD20D2A3C952DC9E215_size369_w758_h406.png,魔笛：我们已完成克罗地亚体育史最大成就,2018-07-12 07:11
http://2018.ifeng.com/a/20180712/59130577_0.shtml,,http://d.ifengimg.com/w145_h103/p3.ifengimg.com/a/2018_28/38841a5058c9b4b_size145_w1024_h628.jpg,三狮军团遗憾告负 众将难掩伤心失落,2018-07-12 07:17
http://2018.ifeng.com/a/20180712/59130564_0.shtml,比利时与英格兰，纷纷在决赛前功亏一篑，这样一来，两支球队就将在三四名的对决中相遇。这是两队本届赛事第二次对决，同样又是一场不决定生死的较量。本次世界杯小组赛分组出炉的时候,http://d.ifengimg.com/w145_h103/p0.ifengimg.com/pmop/2018/0712/A29C91CB9C1CA4F8FEC4C43E13E0BB898D14931E_size474_w677_h439.png,两大热门一届踢2场“鸡肋”赛 16亿欧PK成决赛垫场赛,2018-07-12 07:10
http://2018.ifeng.com/a/20180712/59130563_0.shtml,原标题：（体育·世界杯）普京与巴赫将在观看世界杯决赛期间见面新华社莫斯科7月11日电 俄罗斯总统普京与国际奥委会主席巴赫将在现场观看世界杯决赛期间见面。 　塔斯社11日援,http://d.ifengimg.com/w145_h103/p1.ifengimg.com/a/2018_28/8c42c7a6895ef96_size17_w500_h274.jpg,普京与巴赫将在观看世界杯决赛期间见面,2018-07-12 06:19
http://2018.ifeng.com/a/20180712/59130536_0.shtml,原标题：英格兰队主帅索斯盖特：年轻球员表现已足够出色中新网莫斯科7月11日电 在11日进行的俄罗斯世界杯半决赛中以1:2不敌克罗地亚队后，无缘带领球队晋级决赛的英格兰队主帅索斯盖,http://d.ifengimg.com/w145_h103/p0.ifengimg.com/pmop/2018/0712/A795C9C322DB2DE5AE9479413F8377B60141D64A_size33_w550_h371.jpeg,英格兰主帅：年轻球员足够出色 不要求他们做更多,2018-07-12 06:55
http://2018.ifeng.com/a/20180712/59130537_0.shtml,原标题：英格兰遭逆转淘汰仍引名宿点赞称“可昂首离开”中新网北京7月12日电(记者宋方灿)当地时间7月11日，英格兰队在俄罗斯世界杯半决赛中1比2遭克罗地亚队逆转淘汰。当英,http://d.ifengimg.com/w145_h103/p0.ifengimg.com/pmop/2018/0712/926B710492AEF23CB4FF91D767A201F5B9329D7D_size43_w550_h392.jpeg,英格兰遭逆转仍引名宿点赞 鲁尼：可昂首离开,2018-07-12 06:55
http://2018.ifeng.com/a/20180712/59130535_0.shtml,原标题：年轻的三狮队长忍着眼泪 凯恩：比赛很难，未来会好中新网7月12日电北京时间7月12日凌晨，2018俄罗斯世界杯第二场半决赛在莫斯科卢日尼基球场展开较量。克罗地亚队在开场不久,http://d.ifengimg.com/w145_h103/p0.ifengimg.com/pmop/2018/0712/1BFDE7022D40061EAD0F460D9F0CFF0CD6A86DC7_size70_w550_h402.jpeg,英格兰出局球员遗憾落泪  凯恩：比赛很难 未来会好,2018-07-12 06:55
http://2018.ifeng.com/a/20180712/59130482_0.shtml,世界杯决赛对阵出炉，法国与克罗地亚将争夺最后的冠军。无论从哪个角度来看，法国队都是大热的一方，不仅在于阵容实力，也在于各个方面。本届世界杯，身价最高的球队当属法国队，他们,http://d.ifengimg.com/w145_h103/p0.ifengimg.com/pmop/2018/0712/D91C806551CBB7F982665A16E1094AD4385FD435_size343_w595_h388.png,决赛已无悬念？克罗地亚比法国多踢90分+少休息一天,2018-07-12 06:47
http://2018.ifeng.com/a/20180712/59130480_0.shtml,克罗地亚“铁人队”，连续3轮淘汰赛打进加时并笑到最后，成功闯进世界杯决赛，这支球队的韧性不得不让人佩服。但客观来看，在与法国队决战之前，他们已经落了下风，体能枯,http://d.ifengimg.com/w145_h103/p0.ifengimg.com/pmop/2018/0712/4919CEAC2B97707A581B21612376E1313D5CA37D_size366_w550_h365.png,三镜头看33岁魔笛有多拼！ 法国稳夺冠？他可不答应,2018-07-12 06:26
http://2018.ifeng.com/a/20180712/59130430_0.shtml,虎扑7月12日讯英格兰队虽然输掉了对阵克罗地亚的半决赛，但英国国内的媒体依然给了他们支持和鼓励。三狮军团在本届杯赛上的表现已经超出了球迷的期望。相对平民的他们从小组中轻松出,http://d.ifengimg.com/w145_h103/p0.ifengimg.com/fck/2018_28/68965b582c770a5_w654_h835.jpg,国家宝藏！英国各大媒体封面认可英格兰队表现,2018-07-12 07:01
http://2018.ifeng.com/a/20180712/59130397_0.shtml,,http://d.ifengimg.com/w145_h103/p1.ifengimg.com/a/2018_28/193629570ad3eaf_size50_w640_h400.jpg,拉基蒂奇与阿里加时爆冲突 险上演全武行,2018-07-12 06:57
http://2018.ifeng.com/a/20180712/59130340_0.shtml,,http://d.ifengimg.com/w145_h103/p2.ifengimg.com/a/2018_28/e95b3c3dadebe7c_size34_w554_h396.jpeg,[一汽丰田特约]心疼魔笛！再现逆天狂奔救球 终克三狮体力耗尽,2018-07-12 06:49
http://2018.ifeng.com/a/20180712/59130313_0.shtml,虎扑7月12日讯今天世界杯半决赛中，经过120分钟加时赛大战，英格兰2-1不敌克罗地亚，在决赛一步之遥的地方倒下。但这已经是他们28年来的最好成绩，上一次英格兰打进四强时，还是在199,http://d.ifengimg.com/w145_h103/p0.ifengimg.com/fck/2018_28/05d13561c9d160b_w768_h432.jpg,英格兰遭克罗地亚逆转止步四强，仍创28年来最好成绩,2018-07-12 06:47
http://2018.ifeng.com/a/20180712/59130311_0.shtml,世界杯半决赛，克罗地亚在0-1落后的情况下，凭借佩里西奇常规时间的进球和曼祖基奇加时赛的绝杀，2-1逆转了英格兰，历史上第一次闯进世界杯的决赛，他们的对手将是夺冠最大热门法国！,http://d.ifengimg.com/w145_h103/p0.ifengimg.com/pmop/2018/0712/E10A0C3BC4249E3CDDFAC19CB9DAD40FD7F07149_size45_w693_h443.jpeg,克罗地亚争气！美女总统没来还能赢 决赛或与普京同框,2018-07-12 06:23
http://2018.ifeng.com/a/20180712/59130310_0.shtml,原标题：克罗地亚主帅：球员受伤也不言放弃，我为他们骄傲北京时间7月12日，克罗地亚2-1战胜英格兰挺进决赛，克罗地亚主帅达里奇赛后接受了采访。达里奇表示：“1998年，我作为,http://d.ifengimg.com/w145_h103/p0.ifengimg.com/pmop/2018/0712/8A5AB310B2DEE2C1D4F0F10138F4E32645B07617_size385_w636_h365.png,克罗地亚主帅：两球员只剩一条腿踢球 受伤也不放弃,2018-07-12 06:25
http://2018.ifeng.com/a/20180712/59130309_0.shtml,原标题：佩里西奇：比赛太艰难，圆了20年前的梦！北京时间7月12日凌晨，克罗地亚2-1战胜英格兰晋级决赛，本场贡献1射1传的全场最佳球员佩里西奇赛后接受采访。佩里西奇表示：“,http://d.ifengimg.com/w145_h103/p0.ifengimg.com/pmop/2018/0712/BBE055AF8B104371C0F7C346513C9B58CFE1FAF5_size375_w662_h358.png,佩里西奇：20年前就梦想打进一球帮克罗地亚晋级决赛,2018-07-12 06:44
http://2018.ifeng.com/a/20180712/59130268_0.shtml,北京时间7月12日凌晨，俄罗斯世界杯半决赛第二场进行，苦战到加时赛，克罗地亚2比1击败英格兰，队史第一次杀入世界杯决赛！如果克罗地亚夺冠，世界杯将诞生新王！克罗地亚无愧本届世,http://d.ifengimg.com/w145_h103/p0.ifengimg.com/pmop/2018/0712/9281F91EE60106DFC170C38598D62423FCE3F565_size387_w995_h676.png,创造历史！克罗地亚首次杀入决赛 世界杯新王诞生？,2018-07-12 05:37
http://2018.ifeng.com/a/20180712/59130267_0.shtml,克罗地亚，创造了不可思议的奇迹，他们在不被看好的情况下杀入到了世界杯的最终决赛。虽然很多人都认为，这是克罗地亚的黄金一代，但是最多的赞誉还是给到了莫德里奇。然而这支克罗地,http://d.ifengimg.com/w145_h103/p0.ifengimg.com/pmop/2018/0712/C655913C983461A4040F67155EF50FF9A5BDB3A1_size100_w962_h635.jpeg,不止魔笛！克罗地亚坐拥倚天剑+屠龙刀 法国冠军不稳,2018-07-12 05:37
http://2018.ifeng.com/a/20180712/59130262_0.shtml,克罗地亚女总统科琳达与特蕾莎·梅。北京时间12日凌晨，克罗地亚在世界杯比赛中出战英格兰。赛前，克罗地亚女总统科琳达·格拉巴尔·基塔罗维奇把两件红白色系的国,http://d.ifengimg.com/w145_h103/p2.ifengimg.com/fck/2018_28/078b183c8a6fce0_w600_h427.jpg,克罗地亚女总统送球衣 特朗普和梅姨人手一件,2018-07-12 06:39
http://2018.ifeng.com/a/20180712/59130235_0.shtml,原标题：曼朱基奇：一路艰难走到现在，我们创造了奇迹北京时间7月12日凌晨，克罗地亚2-1战胜英格兰，历史性闯入世界杯决赛。制胜功臣曼朱基奇在赛后接受了采访。曼朱基奇表示：&ldquo,http://d.ifengimg.com/w145_h103/p0.ifengimg.com/pmop/2018/0712/D05426157F038F8C258C2A86FE7CEF581AC35B76_size403_w673_h374.png,曼朱基奇：一路艰难走到现在，我们创造了奇迹,2018-07-12 05:51
http://2018.ifeng.com/a/20180712/59130228_0.shtml,,http://d.ifengimg.com/w145_h103/p3.ifengimg.com/a/2018_28/d5c57d864bf0a70_size250_w1024_h683.jpg,三狮军团遗憾无缘决赛 太太团看台观战,2018-07-12 06:33
http://2018.ifeng.com/a/20180712/59130083_0.shtml,在今天凌晨刚刚结束的一场世界杯半决赛中，克罗地亚经历了本届世界杯第三次加时赛，这次他们没有打点球，最终靠着佩里西奇的一传一射和曼朱基奇加时赛的决杀，他们以2:1的比分逆转击,http://d.ifengimg.com/w145_h103/p0.ifengimg.com/pmop/2018/0712/258B7E98AC162B3D9F41339F9C67856FC8D326B8_size32_w640_h415.jpeg,曼朱基齐绝杀成就克罗地亚足球历史 拉基蒂奇被扒光,2018-07-12 06:15
http://2018.ifeng.com/a/20180712/59130046_0.shtml,今日凌晨，世界杯半决赛结束了一场比赛，法国队凭借乌姆蒂蒂的头球1:0击败比利时杀入决赛，这支天才云集的球队没没又让人失望，他们再一次站在了决赛的舞台，而最近的6次世界杯，法国,http://d.ifengimg.com/w145_h103/p0.ifengimg.com/pmop/2018/0712/77AD9ABF24B8625AC1567B2463F287C7B238ED4C_size35_w432_h306.jpeg,法国近6届世界杯3次进决赛 剑指第2座大力神杯创王朝,2018-07-11 22:43
http://2018.ifeng.com/a/20180712/59130020_0.shtml,北京时间7月12日凌晨，英格兰与克罗地亚进行世界杯半决赛，赢家将与法国队争夺大力神杯。比赛仅仅进行到第5分钟，三狮军团就取得了领先，后卫特里皮尔在大禁区弧顶一脚“圆月弯,http://d.ifengimg.com/w145_h103/p0.ifengimg.com/pmop/2018/0712/90ECBA3BF6C9E43C1219D4F1FF47F1C4DC2D3D81_size35_w496_h333.jpeg,英格兰新一代黄金右脚 小贝招牌式圆月弯刀弧线太美,2018-07-12 02:30
http://2018.ifeng.com/a/20180712/59130019_0.shtml,北京时间7月12日凌晨，英格兰与克罗地亚进行世界杯半决赛，上半场仅仅进行到第5分钟，三狮军团就取得了领先，“新小贝”特里皮尔一脚圆月弯刀，克罗地亚门神鞭长莫及。在球,http://d.ifengimg.com/w145_h103/p0.ifengimg.com/pmop/2018/0712/6D464D1973C2168910E0C7D10E6F3ED94CF9FE8C_size27_w461_h295.jpeg,太拼！莫德里奇炸裂一幕：逆天级救球 飞出场外数米,2018-07-12 03:12
http://2018.ifeng.com/a/20180712/59130018_0.shtml,KO英格兰！克罗地亚做到了！这支并不被看好的球队，以不可思议的表现，杀入到了2018年世界杯最终的决赛！只差一步，克罗地亚就能成为或许是世界杯历史上最大的一匹黑马。在世界杯的历,http://d.ifengimg.com/w145_h103/p0.ifengimg.com/pmop/2018/0712/978DCDC7D4F9A46445117206E2FF9A69DDF69850_size38_w574_h377.jpeg,世界杯或产生史上最大黑马！第9支冠军球队已在酝酿,2018-07-12 04:46
http://2018.ifeng.com/a/20180712/59130014_0.shtml,虽然特里皮尔为英格兰首开纪录，但佩里西奇和曼朱基齐的进球，帮助克罗地亚反超比分，最终经过120分钟的苦战，格子军团以2-1的比分，历史上首次杀进世界杯决赛，英格兰被淘汰出局。世,http://d.ifengimg.com/w145_h103/p0.ifengimg.com/pmop/2018/0712/41B0D67361BD8CD51C2295512B7E5FF8FE94EB09_size61_w709_h441.jpeg,虽败犹荣！一战打破多项纪录 英格兰无缘决赛但未来可期,2018-07-12 05:15
http://2018.ifeng.com/a/20180712/59130013_0.shtml,原标题：威廉王子：以英格兰队为傲，请继续昂首前进在英格兰止步世界杯半决赛，无缘争夺冠军后，威廉王子在自己的推特账号“肯辛顿宫”上鼓励英格兰。威廉王子在推特上写道,http://d.ifengimg.com/w145_h103/p0.ifengimg.com/pmop/2018/0712/D02E4D51239DDDD831D17000F9453BF51C45FEDD_size97_w727_h459.png,威廉王子：以英格兰队为傲，请继续昂首前进,2018-07-12 05:26
http://2018.ifeng.com/a/20180712/59130010_0.shtml,主裁判哨声响起，英格兰队对阵克罗地亚队半决赛结束，场上呈现出截然不同的两种状态——英格兰队球员瘫软在地痛苦万分，而克罗地亚队球员兴奋地庆祝。当然，这样的情绪在足,http://d.ifengimg.com/w145_h103/p0.ifengimg.com/pmop/2018/0712/7C363FC80642FE1FF54CA38639BEBBE33FC4407B_size1247_w1007_h724.png,克罗地亚主帅称赞1人为球队灵魂 不是魔笛也非拉基蒂奇,2018-07-12 05:32
http://2018.ifeng.com/a/20180712/59130012_0.shtml,原标题：420万人口小国创奇迹！建国27年即进决赛凭借加时赛中的出色表现，克罗地亚以2比1力克英格兰，成功晋级决赛。而克罗地亚也成为史上晋级世界杯决赛人口第二少的国家，仅比乌拉,http://d.ifengimg.com/w145_h103/p0.ifengimg.com/pmop/2018/0712/460C82A29902B9663BB76F8351C88B73DD6F8CB7_size313_w542_h301.png,420万人口小国世纪奇迹！建国第27年 踢世界杯决赛,2018-07-12 05:22
http://2018.ifeng.com/a/20180712/59130009_0.shtml,世界杯半决赛第二场，英格兰1比2不敌克罗地亚，无缘决赛，此役，在世界杯金靴榜上领跑的凯恩没有进球，但他打进6球，仍是金靴头号热门。此外，卢卡库打进4球排名第二，两人累计6场淘,http://d.ifengimg.com/w145_h103/p0.ifengimg.com/pmop/2018/0712/95662588FBF1B4A12A3468D0E1B47ECD229CEB2D_size48_w718_h350.jpeg,史上最水金靴？两大热门齐哑火 6场淘汰赛仅进1球,2018-07-12 05:32
http://2018.ifeng.com/a/20180712/59130008_0.shtml,随着法国队与克罗地亚会师决赛，本届世界杯金球奖的争夺也已经到了最终的“决赛”。不出意外的话，比利时与英格兰球员，包括其他未能进入四强的球员，没有什么希望了。而最,http://d.ifengimg.com/w145_h103/p0.ifengimg.com/pmop/2018/0712/A2A6873DC27ABB9234BBD79F1022D051806192A1_size33_w640_h425.jpeg,世界杯金球终极PK：姆巴佩对决魔笛 谁输谁拿？,2018-07-12 05:20
http://2018.ifeng.com/a/20180712/59130005_0.shtml,北京时间7月12日，这对于克罗地亚足球来说，绝对是历史性的一天。420万人口的小国，在这一天闯入了世界杯的决赛。他们还有机会去争夺世界杯的冠军，然而这一刻的喜悦，已经足够他们铭,http://d.ifengimg.com/w145_h103/p0.ifengimg.com/pmop/2018/0712/CB097B52A81001B22C338C3342FA0317C93FE39C_size729_w886_h574.png,克罗地亚功臣“戏弄”主帅！助教们全咧着嘴看大戏,2018-07-12 05:48
http://2018.ifeng.com/a/20180712/59130004_0.shtml,俄罗斯世界杯半决赛第二场，英格兰苦战至加时赛，最终1比2不敌克罗地亚！赛后，英格兰球员痛哭，尤其是小将拉什福德，更是哭成了泪人。作为现代足球的起源地，英格兰人想把世界杯冠军,http://d.ifengimg.com/w145_h103/p0.ifengimg.com/pmop/2018/0712/A7D640FAA913EB4BAD9118320F9BC507FAB6E1CA_size248_w574_h502.png,足球没有回家！英格兰球员躺地失落 一小将哭成泪人,2018-07-12 05:47
http://2018.ifeng.com/a/20180712/59129977_0.shtml,俄罗斯世界杯已经结束了2场半决赛争夺，法国与克罗地亚会师决赛争夺最后的冠军。巧合的是阿根廷本届世界杯连续输给了这2支进入决赛的球队，球迷也是喊话心疼梅西。在半决赛中，法国队,http://d.ifengimg.com/w145_h103/p0.ifengimg.com/pmop/2018/0712/B227492F4445C545509E9C3090254A96093C822C_size24_w480_h300.jpeg,最惨试金石！世界杯冠亚军双杀阿根廷 梅西出局不冤,2018-07-12 05:51
http://2018.ifeng.com/a/20180712/59129978_0.shtml,世界杯的舞台上，总有一些很难解释的现象，一个数据显示，世界杯产生新王的时间，大概就是20年一个轮回。2018年世界杯，克罗地亚获得了成为史上第9个冠军的机会。数据显示，在世界杯,http://d.ifengimg.com/w145_h103/p0.ifengimg.com/pmop/2018/0712/5DB04894A57B19709C2EB4160C9B75BFE16C618D_size113_w794_h816.jpeg,新历史！世界杯再到轮回时刻，克罗地亚夺冠别奇怪,2018-07-12 05:56
http://2018.ifeng.com/a/20180712/59129976_0.shtml,世界杯半决赛第二场，克罗地亚苦战加时赛，2比1击败英格兰，因此，世界杯决赛对阵出炉，法国对阵克罗地亚。最新赔率一边倒，法国是夺冠大热门，而克罗地亚恐怕成为陪跑角色。法国的夺,http://d.ifengimg.com/w145_h103/p3.ifengimg.com/cmpp/2018/07/12/7564389c1c87fc4f311d2092ab27969f_size74_w230_h152.jpg,没悬念？世界杯决赛赔率一边倒：克罗地亚恐陪跑,2018-07-12 05:43
http://2018.ifeng.com/a/20180712/59129880_0.shtml,原标题：“索斯盖特同款”爆火！穿出英伦少帅风，得花4000块中新网客户端北京7月12日电率领“三狮军团”征战世界杯的少帅索斯盖特，无疑成为英格兰的红人，,http://d.ifengimg.com/w145_h103/p0.ifengimg.com/pmop/2018/0712/37DE53E9E1F88F9EE0B16CD18E1FB08835B7D183_size35_w349_h500.jpeg,“索斯盖特同款”爆火！穿出英伦少帅风 得花4000块,2018-07-12 05:10
http://2018.ifeng.com/a/20180712/59129878_0.shtml,原标题：凯恩“五内俱焚”：痛到无法言说，但能昂首离开中新网7月12日电 在今天凌晨结束的世界杯第二场半决赛中，英格兰苦战120分钟1:2遭到克罗地亚绝杀，无缘决赛。队长凯,http://d.ifengimg.com/w145_h103/p3.ifengimg.com/a/2018_28/8438036fda8df7e_size34_w403_h598.jpg,凯恩“五内俱焚”：痛到无法言说 但能昂首离开,2018-07-12 05:25
http://2018.ifeng.com/a/20180712/59129879_0.shtml,原标题：涉嫌非法转播世界杯 一中东电视台将被起诉中新网莫斯科7月11日电(记者王修君王牧青)当地时间7月11日，国际足联宣布将起诉一家涉嫌非法转播世界杯比赛的中东电视台。这家名为&,http://d.ifengimg.com/w145_h103/p0.ifengimg.com/a/2018_28/d65e4409b51056b_size178_w978_h585.jpg,涉嫌非法转播世界杯 一中东电视台将被起诉,2018-07-12 05:25
http://2018.ifeng.com/a/20180712/59129760_0.shtml,俄罗斯世界杯开打前，恐怕没有多少人对这支英格兰寄予厚望，哪怕他是最死忠的三狮球迷。毕竟这是本届世界杯最年轻的球队之一，大赛经验匮乏，此外队内角色球员居多，和贝克汉姆、兰帕,http://d.ifengimg.com/w145_h103/p3.ifengimg.com/a/2018_28/1d0da5f35ac0b3d_size93_w1489_h693.jpg,[一汽丰田特约]距决赛差一步！三狮的青春风暴在继续 下场英超内战！,2018-07-12 05:41
http://2018.ifeng.com/a/20180712/59129729_0.shtml,原标题：神奇定律延续！拜仁国米36年不缺席世界杯决赛  北京时间7月12日，俄罗斯世界杯第二场半决赛，克罗地亚加时2-1力克英格兰，历史首次挺进世界杯决赛。      从1982年,http://d.ifengimg.com/w145_h103/p1.ifengimg.com/a/2018_28/a91214af17030d6_size564_w1024_h683.jpg,神奇定律延续！拜仁国米球员36年没缺席过世界杯决赛,2018-07-12 05:09
http://2018.ifeng.com/a/20180712/59129728_0.shtml,原标题：格子军团顽强杀进决赛，卡利尼奇成最大输家经历了两场点球大战的克罗地亚成功阻止了足球回家，面对年轻的英格兰，他们在连续第三场加时赛中实现反超，逆转取胜晋级决赛。而此,http://d.ifengimg.com/w145_h103/p0.ifengimg.com/pmop/2018/0712/367FE8AFFAD907AF9242D87D8AC9C1A64ABC3C39_size180_w453_h342.png,克罗地亚首进决赛，不知道被开除的卡利尼奇后悔没…,2018-07-12 05:14
http://2018.ifeng.com/a/20180712/59129702_0.shtml,    英格兰还是输给了自己的年轻，在加时赛中，被曼朱基奇一剑封喉，最终1：2输给了克罗地亚，无缘决赛。对于这个成绩，英格兰已经做到了最好。赛前，英足总对他们的要求也,http://d.ifengimg.com/w145_h103/p0.ifengimg.com/pmop/2018/0712/5EE969436551AA0584B537266D9D4CE3E1E0F1A7_size293_w2048_h1366.jpeg,英格兰竟早早就开始拖时间 这操作让人看不懂,2018-07-12 05:24
http://2018.ifeng.com/a/20180712/59129701_0.shtml,北京时间7月12日凌晨2时，克罗地亚与英格兰争夺最后一个决赛名额。上半场只开场5分钟，英格兰就依靠特里皮尔的任意球破门获得领先。下半场佩里西奇依靠头球扳平比分。双方在90分钟内,http://d.ifengimg.com/w145_h103/p0.ifengimg.com/pmop/2018/0712/E39E62731A504E01F6DEBB810526219772E775DC_size264_w500_h375.png,世界杯最痛的一次封堵！英格兰后卫用裆部化解必进球,2018-07-12 05:23
http://2018.ifeng.com/a/20180712/59129389_0.shtml,,http://d.ifengimg.com/w145_h103/p2.ifengimg.com/cmpp/2018_28/cc2cb8f627ac076_w1024_h766.jpg,叒脱光！拉基蒂奇赛后送球衣只剩内裤,2018-07-12 05:29
http://2018.ifeng.com/a/20180712/59129307_0.shtml,凤凰体育讯 北京时间7月12日凌晨，2018年俄罗斯世界杯淘汰赛半决赛最后一场，克罗地亚凭借加时赛2-1决赛英格兰，历史上首次杀进决赛，他们的对手将是战胜比利时的法国队。将战决赛争,http://d.ifengimg.com/w145_h103/p1.ifengimg.com/a/2018_28/4a330e2547098fd_size37_w550_h471.jpg,阿根廷球迷自黑：就输了两场不亏 1场输冠军1场输亚军,2018-07-12 05:21
http://2018.ifeng.com/a/20180712/59129246_0.shtml,北京时间7月12日凌晨，俄罗斯世界杯半决赛第二场比赛开打，最终克罗地亚依靠佩里西奇和曼朱基奇的联袂进球，以2-1逆转了英格兰，历史上首次打进世界杯决赛，对手将是高卢雄鸡法国。由,http://d.ifengimg.com/w145_h103/p0.ifengimg.com/pmop/2018/0712/30751C55477D3AAEA50ECB36766D569084C4277F_size75_w640_h393.jpeg,世界杯会诞生新冠军？克罗地亚命硬兼可怕 法国要小心了,2018-07-12 05:04
http://2018.ifeng.com/a/20180712/59129245_0.shtml,北京时间7月12日凌晨02：00，俄罗斯世界杯半决赛迎来第二场比赛的较量，最终英格兰在领先一球的有利情况下，却被克罗地亚连进2球，最终以1-2被逆转而遭到了淘汰，无缘再次打进世界杯,http://d.ifengimg.com/w145_h103/p0.ifengimg.com/pmop/2018/0712/0B31A78786B5B47D50F2278A2CB0C33F7C7CB1E3_size85_w640_h403.jpeg,世界杯无缘最贵对决！两队总身价将近20亿欧 可惜有人掉链子,2018-07-12 05:01
http://2018.ifeng.com/a/20180712/59129217_0.shtml,,http://d.ifengimg.com/w145_h103/p1.ifengimg.com/cmpp/2018_28/f58e8eec8ab29e7_w1024_h683.jpg,前方高萌！维达赛后与孩子们庆祝胜利,2018-07-12 05:06
http://2018.ifeng.com/a/20180712/59129216_0.shtml,7月12日凌晨，克罗地亚和英格兰在莫斯科展开了第二场半决赛的较量。赛前，大家对格子军团并不是很看好。毕竟，他们在前两场淘汰赛中全部打满了120分钟，只是凭借两场点球大战才涉险来,http://d.ifengimg.com/w145_h103/p1.ifengimg.com/a/2018_28/87b39278687aa9f_size762_w1024_h734.jpg,连踢3个加时！克罗地亚人太顽强 但这也是他们的软肋,2018-07-12 05:04
http://2018.ifeng.com/a/20180712/59129213_0.shtml,北京时间7月12日凌晨，2018年俄罗斯世界杯第二场半决赛展开角逐，克罗地亚通过加时赛，2-1逆转英格兰，杀进决赛。比赛结束后，国际足联官方宣布，克罗地亚边锋佩里西奇当选本场比赛最,http://d.ifengimg.com/w145_h103/p0.ifengimg.com/pmop/2018/0712/4CC5B8235E9E7AC17AA5D0CD38ACF07821D3B8AF_size137_w859_h465.png,GIF-全场最佳！佩里西奇一传一射助格子军团创造历史,2018-07-12 04:53
http://2018.ifeng.com/a/20180712/59129183_0.shtml,,http://d.ifengimg.com/w145_h103/p3.ifengimg.com/cmpp/2018_28/6b0b54cb978e9cd_w1024_h710.jpg,别拍了来嗨！曼朱庆祝绝杀撞翻摄影师,2018-07-12 05:01
http://2018.ifeng.com/a/20180712/59129124_0.shtml,经过了近1个月的较量，世界杯终于要收官了！最后的悬念是，冠军的荣誉归属谁。法国与克罗地亚队战胜各自的对手后，成功会师决赛！比利时与英格兰被淘汰，他们只能争夺第三名。     本,http://d.ifengimg.com/w145_h103/p0.ifengimg.com/pmop/2018/0712/92548ADCBB4329166AE2F26727F8540B57E07DBF_size31_w574_h375.jpeg,世界杯决赛对阵出炉！法国对决最顽强队伍 新王当立？,2018-07-12 04:45
http://2018.ifeng.com/a/20180712/59129123_0.shtml,在1-0领先的大好局面下，英格兰队最终在120分钟的比赛后被逆转，无缘决赛！英格兰队，错失了或许是最好的一次夺冠机会。他们只能去争第三名，或许未来很多年后，英格兰队都会后悔这场,http://d.ifengimg.com/w145_h103/p0.ifengimg.com/pmop/2018/0712/27957C0537FD607A82FB2A63E88F01E054F6D75B_size47_w574_h390.jpeg,英格兰队关键时候又掉链子！错过再夺世界杯的最佳良机,2018-07-12 04:45
http://2018.ifeng.com/a/20180712/59129122_0.shtml,北京时间7月12日凌晨，世界杯倒数第三场比赛落幕，克罗地亚通过加时赛，2-1击败英格兰（佩里西奇扳平比分，曼祖基奇加时绝杀），决赛会师法国！而落败的三狮军团将与比利时争夺第三名,http://d.ifengimg.com/w145_h103/p0.ifengimg.com/pmop/2018/0712/66D04BC00F818CC0551FBF46264F91B4566A011E_size55_w572_h402.jpeg,克罗地亚首进世界杯决赛！黄金一代创造历史 有望诞生新王！,2018-07-12 04:42
http://2018.ifeng.com/a/20180712/59129096_0.shtml,,http://d.ifengimg.com/w145_h103/p1.ifengimg.com/a/2018_28/4213e4f85eebfa0_size3107_w3648_h2432.jpg,凤凰直击——克罗地亚2-1力克英格兰,2018-07-12 04:47
http://2018.ifeng.com/a/20180712/59129068_0.shtml,北京时间7月12日凌晨2时，克罗地亚在卢日尼基球场和英格兰展开了另一场半决赛的较量。开场第4分钟，英格兰依靠特里皮尔的任意球破门取得领先。下半场佩里西奇的抢点得分让双方又回到,http://d.ifengimg.com/w145_h103/p2.ifengimg.com/a/2018_28/3d397faef49f237_size252_w1071_h584.jpg,世界杯-创造历史！克罗地亚加时绝杀2-1英格兰进决赛,2018-07-12 04:38
http://2018.ifeng.com/a/20180712/59129040_0.shtml,今天凌晨世界杯半决赛继续进行，克罗地亚在上半场早早落后的情况下，由佩里西奇在下半场垫射扳平比分，再次将比赛拖入了加时赛。这是他们在淘汰赛中连续第3次在常规时间落后的情况下,http://d.ifengimg.com/w145_h103/p0.ifengimg.com/pmop/2018/0712/4D6EE93FAE3D37413AEC57CA51D83CDBA2109EB6_size412_w637_h417.png,逆境之王！克罗地亚3次淘汰赛落后均扳平 上演加时帽子戏法,2018-07-12 04:10
http://2018.ifeng.com/a/20180712/59129039_0.shtml,凤凰体育讯 北京时间7月12日凌晨，2018年俄罗斯世界杯淘汰赛半决赛全部结束，法国和克罗地亚相继晋级会师决赛，这两支球队将竞逐大力神杯，而与他们比赛时的败者比利时与英格兰将争夺,http://d.ifengimg.com/w145_h103/p3.ifengimg.com/a/2018_28/a5ba6097980f055_size252_w1071_h584.jpg,法国、克罗地亚会师决赛！比利时PK英格兰争第三,2018-07-12 04:37
http://2018.ifeng.com/a/20180712/59128997_0.shtml,凤凰体育讯 北京时间7月12日凌晨，2018年俄罗斯世界杯淘汰赛半决赛最后一场，克罗地亚vs英格兰。比赛第110分钟，佩里西奇解高空球头球后蹭摆渡，但谁都未能料到此球竟穿过英格兰整条,http://d.ifengimg.com/w145_h103/p0.ifengimg.com/a/2018_28/5c23a7cb1451f8b_size298_w1024_h663.jpg,GIF-纸糊防线？英格兰后卫眼神防守 曼珠收礼扫射反超,2018-07-12 04:30
http://2018.ifeng.com/a/20180712/59128941_0.shtml,凤凰体育讯 北京时间7月12日凌晨，2018年俄罗斯世界杯淘汰赛半决赛最后一场，克罗地亚vs英格兰。比赛第98分钟，英格兰再度发出角球，替补上场的斯通斯再度禁区抢点头球攻门，眼看皮球,http://d.ifengimg.com/w145_h103/p3.ifengimg.com/a/2018_28/2c56ff07a0c63b0_size251_w1024_h713.jpg,GIF-门线救主！克罗地亚后卫这个头球解围什么水平？,2018-07-12 04:21
http://2018.ifeng.com/a/20180712/59128848_0.shtml,半决赛英格兰队对阵克罗地亚队的比赛，开赛仅仅不到五分钟的时间，英格兰队就获得禁区前沿的一记任意球，特里皮尔和阿什利-杨站在皮球前面。特里皮尔踢出一脚弧线球，皮球越过人墙，,http://d.ifengimg.com/w145_h103/p0.ifengimg.com/pmop/2018/0712/3A31BE535FFF69FBAD55825E772F5AB856F64647_size51_w641_h406.jpeg,27岁菜鸟一球创多项纪录 除了脸之外都毫不逊色偶像小贝,2018-07-12 03:55
http://2018.ifeng.com/a/20180712/59128575_0.shtml,凤凰体育讯 北京时间7月12日凌晨，2018年俄罗斯世界杯淘汰赛半决赛最后一场，克罗地亚vs英格兰。比赛第69分钟，佩里西奇禁区内接吊传抢点，一脚复制伊布神迹般的左脚后脚跟磕射，皮球,http://d.ifengimg.com/w145_h103/p1.ifengimg.com/a/2018_28/f0fb64e4eabdb21_size134_w1024_h683.jpg,GIF-佩剑出鞘！妖锋复制伊布神迹 克罗地亚1-1扳平！,2018-07-12 03:30
http://2018.ifeng.com/a/20180712/59128239_0.shtml,凤凰体育讯 北京时间7月12日凌晨，2018年俄罗斯世界杯淘汰赛半决赛最后一场，克罗地亚vs英格兰。比赛第30分钟，英格兰队攻势如潮继续压伤进攻，哈里-凯恩跑出单刀，面对克罗地亚门将,http://d.ifengimg.com/w145_h103/p0.ifengimg.com/a/2018_28/cafd75005674d30_size257_w1024_h740.jpg,GIF-英格兰攻势如潮！凯恩单刀推射 苏巴西奇神扑救险,2018-07-12 02:42
http://2018.ifeng.com/a/20180712/59128009_0.shtml,,http://d.ifengimg.com/w145_h103/p3.ifengimg.com/cmpp/2018/07/12/483ccfbee308d4b39ecdbf65b1898963_size692_w750_h376.jpg,曼朱基奇加时绝杀！克罗地亚2-1英格兰,2018-07-12 02:20
http://2018.ifeng.com/a/20180712/59127944_0.shtml,凤凰体育讯 北京时间7月12日凌晨，2018年俄罗斯世界杯淘汰赛半决赛最后一场，克罗地亚vs英格兰。开场第5分钟，阿里带球突破遭莫德里奇放倒，裁判判得任意球，有着“新小贝&rdquo,http://d.ifengimg.com/w145_h103/p0.ifengimg.com/a/2018_28/27d8dd7c9d11984_size237_w1024_h699.jpg,GIF-圆月弯刀！英格兰任意球破门 “新小贝”创多纪录,2018-07-12 02:09
http://2018.ifeng.com/a/20180712/59127790_0.shtml,原标题：大战一触即发，英克两国领导人赛前会面  世界杯半决赛英格兰队与克罗地亚队的比赛即将开始，赛前，英国首相特蕾莎-梅和克罗地亚女总统格拉巴尔-基塔罗维奇也进行了会面，后者,http://d.ifengimg.com/w145_h103/p0.ifengimg.com/pmop/2018/0712/DAA39960B0444C2CD4B7B0BC6C29E9CE612879F9_size45_w960_h699.jpeg,大战一触即发 英克两国领导人赛前会面,2018-07-12 01:37
http://2018.ifeng.com/a/20180712/59127789_0.shtml,原标题：佩林：没想过C罗会来尤文，简直吓了我一跳尤文新援佩林在发布会上表示，他根本没想到C罗会加盟斑马军团，同时佩林表示C罗的到来让他感到无比兴奋。“我真的没想到C罗会,http://d.ifengimg.com/w145_h103/p0.ifengimg.com/pmop/2018/0712/AF20D437426459CB11019CFB0A1F9EDD8B569AD8_size321_w796_h612.png,佩林：没想过C罗会来尤文 简直吓了我一跳,2018-07-12 01:15
http://2018.ifeng.com/a/20180712/59127216_0.shtml,,http://d.ifengimg.com/w145_h103/p3.ifengimg.com/cmpp/2018_28/c645791a997d852_w1024_h717.jpg,三狮战格子！中国球迷黄袍加身抢镜了,2018-07-12 01:29
http://2018.ifeng.com/a/20180712/59127108_0.shtml,原标题：又上一棵树？利物浦正在评估签下迪巴拉的可能性  知名体育网站VAVEL的记者表示，利物浦正在评估签下迪巴拉的可能性。      由于C罗的到来，尤文图斯的建队思路可能,http://d.ifengimg.com/w145_h103/p0.ifengimg.com/pmop/2018/0712/64FD8660D924337CB8F5CCEAE480EED76BC59C7A_size16_w725_h411.png,又上一棵树？利物浦正在评估签下迪巴拉的可能性,2018-07-12 00:47
http://2018.ifeng.com/a/20180712/59127107_0.shtml,原标题：稍显无奈，莫拉塔还是支持英格兰夺冠  英格兰同克罗地亚的半决赛即将打响，莫拉塔对这场比赛做出了预测，他略显无奈地表示英格兰会夺得世界杯冠军。      当记者问,http://d.ifengimg.com/w145_h103/p0.ifengimg.com/pmop/2018/0712/A9B8B432419C0F9A2FEF4D97E392A67910411022_size67_w710_h731.jpeg,稍显无奈 莫拉塔还是支持英格兰夺冠,2018-07-12 01:05
http://2018.ifeng.com/a/20180712/59127011_0.shtml,有巴西设计师用各种内马滚作出了一套字体：Ney type，而且开放大家下载。随附设计师的创作理念中英对照：这，是内马尔THIS IS NEYMAR曾是巴西赢得2018世界杯的希望WHO WAS BRA,http://d.ifengimg.com/w145_h103/p2.ifengimg.com/a/2018_28/224bb528e64e62e_size43_w640_h360.jpg,太秀了8！巴西设计师创内马尔字体 几个字母看着好污,2018-07-12 01:02
http://2018.ifeng.com/a/20180712/59126983_0.shtml,买足彩上天台？早听索斯盖特的劝就好了丨“懿”论世界杯（十六）            世界杯比赛到今天，英格兰踩着一众豪强和一众足彩狗的尸体打进了四强，索斯盖特这个新姑爷背地,http://d.ifengimg.com/w145_h103/p0.ifengimg.com/pmop/2018/0709/C4BC9C5FC1EB24E2FE2E806290942023D95ACA39_size44_w900_h600.jpeg,买足彩上天台？早听索斯盖特的劝就好了丨“懿”论世界杯,2018-07-09 22:25
